zipcode,streetAddress,homeStatus,homeType,latitude,longitude,yearBuilt,lotAreaValue,lotAreaUnits,livingAreaValue,livingAreaUnitsShort,garageParkingCapacity,bedrooms,bathrooms,bathroomsFull,stories,flooring,foundationDetails,heating,cooling,fireplaceFeatures,sewer,roofType,taxAssessedValue,zestimate,rentZestimate,sold-history,pricePerSquareFoot,price,currency,Unnamed: 30
90057,216 S Lake St,FOR_SALE,SINGLE_FAMILY,34.065617,-118.27194,1903.0,6098.4,Square Feet,3323.0,sqft,,9.0,4.0,4.0,,,[],,,,,,,28800.0,9563.0,"[('2006-02-06', 709000)]",0.0,1095,USD,
90020,360 S Kenmore Ave APT 310,FOR_SALE,CONDO,34.06737,-118.296265,1965.0,0.3485999999999999,Acres,603.0,sqft,,1.0,1.0,1.0,3.0,['Mixed'],[],['Other'],['Wall Unit(s)'],['None'],,,,379600.0,1999.0,"[('2009-12-28', 130500), ('2009-01-07', 115000), ('2007-09-07', 315000), ('2001-04-04', 48050), ('1997-06-04', 40500), ('1996-12-31', 13500)]",647.0,389900,USD,
91342,14075 Foothill Blvd APT 13A,FOR_SALE,CONDO,34.3153,-118.43977,1977.0,0.4986,Acres,615.0,sqft,,1.0,1.0,1.0,,['Vinyl Plank'],[],['Wall'],['Wall Unit(s)'],['None'],,,,377000.0,2014.0,"[('2019-09-11', 196000)]",584.0,359000,USD,
91316,5400 Newcastle Ave APT 42,FOR_SALE,CONDO,34.168633,-118.52358,1967.0,1.3996,Acres,648.0,sqft,1.0,1.0,1.0,1.0,2.0,,[],['Central'],['Central Air'],['None'],['Public Sewer'],,,410100.0,1949.0,"[('2001-04-24', 85000), ('1998-07-27', 56000)]",594.0,385000,USD,
91402,8801 Willis Ave #31,FOR_RENT,APARTMENT,34.230145,-118.455894,,,sqft,997.0,sqft,,2.0,2.0,2.0,,,,,"['Central Air', 'Ceiling Fan']",,,,,355700.0,2631.0,"[('2015-05-07', 202000), ('2011-04-28', 100000), ('2003-10-23', 160000), ('2001-07-02', 77500), ('1997-04-25', 52000)]",3.0,2700,USD,
90023,1229 S Indiana St,FOR_SALE,MULTI_FAMILY,34.01789,-118.19254,1927.0,4835.0,Square Feet,1128.0,sqft,0.0,6.0,4.0,,1.0,['Laminate'],['Raised'],['Wall Furnace'],['Zoned'],['Kitchen'],['Public Sewer'],Shingle,,685200.0,3476.0,[],584.0,659000,USD,
90048,321 S San Vicente Blvd APT 407,FOR_SALE,CONDO,34.07311,-118.37805,1976.0,0.9778696051423325,Acres,1236.0,sqft,2.0,2.0,2.0,2.0,1.0,,[],['Forced Air'],['Central Air'],,,,,,,"[('2004-01-06', 325000)]",566.0,699000,USD,
91304,8601 International Ave UNIT 171,FOR_RENT,APARTMENT,34.22699,-118.60005,,,sqft,1078.0,sqft,,3.0,2.0,2.0,,['Hardwood'],,"['Baseboard', 'Forced Air']",['Central Air'],,,,,385200.0,3183.0,"[('2017-03-03', 270000), ('2011-01-13', 143000), ('2010-10-15', 118914), ('2000-12-08', 103000), ('1997-10-07', 52000), ('1997-06-13', 122034), ('1997-01-14', 116296)]",3.0,2999,USD,
91306,7230 Kelvin Ave APT 8,PENDING,TOWNHOUSE,34.202076,-118.58573,1982.0,0.7678145087235997,Acres,1460.0,sqft,2.0,3.0,3.0,3.0,3.0,,[],['Central'],['Central Air'],['Living Room'],['Public Sewer'],,,559500.0,3374.0,"[('2000-10-06', 144000)]",363.0,529900,USD,
90029,5164 Romaine St,FOR_SALE,SINGLE_FAMILY,34.08835,-118.304474,1910.0,2762.0,Square Feet,874.0,sqft,0.0,3.0,1.0,1.0,1.0,,[],,['None'],['None'],['Public Sewer'],,,,3375.0,"[('2020-03-09', 645000), ('2018-08-03', 630000)]",492.0,429900,USD,
91405,7061 Kester Ave APT F,FOR_SALE,TOWNHOUSE,34.19922,-118.457954,1981.0,0.5237832874196511,Acres,1585.0,sqft,2.0,2.0,3.0,3.0,3.0,,[],['Central'],['Central Air'],['Living Room'],"['Public Sewer', 'Sewer Paid']",,,548700.0,3697.0,"[('1996-12-23', 69909), ('1996-05-21', 80000)]",328.0,519900,USD,
91356,18433 Hatteras St UNIT 506,PENDING,CONDO,34.17814,-118.53487,1979.0,2.002,Acres,1147.0,sqft,0.0,2.0,2.0,2.0,1.0,,[],['Central'],['Central Air'],['Living Room'],['Public Sewer'],,,500700.0,2898.0,"[('2000-05-09', 95000)]",436.0,499900,USD,
90062,1552 W Vernon Ave,FOR_SALE,SINGLE_FAMILY,34.003426,-118.30534,1920.0,5871.888,Square Feet,1774.0,sqft,,4.0,2.0,2.0,1.0,['Laminate'],[],['Central'],['Central Air'],['Decorative'],,,,977000.0,4337.0,[],519.0,920000,USD,
90011,1516 E 50th St,PENDING,SINGLE_FAMILY,33.997246,-118.2471,1905.0,5402.0,Square Feet,832.0,sqft,0.0,1.0,1.0,1.0,1.0,,[],,['None'],['None'],['Public Sewer'],,,588900.0,2227.0,"[('2004-01-30', 180000)]",691.0,575000,USD,
91601,5143 Bakman Ave APT 412,FOR_RENT,APARTMENT,34.164078,-118.37786,,,sqft,636.0,sqft,,1.0,1.0,1.0,,['Hardwood'],,['Forced Air'],['Central Air'],,,,,410100.0,2284.0,"[('2021-10-29', 400000), ('2005-09-23', 330000), ('2003-02-07', 166000)]",4.0,2300,USD,
90001,722 E 80th St,FOR_SALE,SINGLE_FAMILY,33.966232,-118.262115,1928.0,5100.0,Square Feet,1435.0,sqft,2.0,3.0,2.0,2.0,1.0,,[],,['Central Air'],['Master Bedroom'],['Public Sewer'],,,,3536.0,"[('2017-12-07', 370000)]",467.0,670000,USD,
90015,645 W 9th St APT 401,FOR_RENT,CONDO,34.045834,-118.26061,2006.0,,sqft,700.0,sqft,,1.0,1.0,1.0,7.0,"['Hardwood', 'Tile']",,['Central'],"['Central Air', 'Ceiling Fan']",,,,,440600.0,2600.0,"[('2017-05-12', 455000), ('2010-09-16', 275000), ('2008-04-04', 393500)]",4.0,2500,USD,
91367,5530 Owensmouth Ave APT 315,FOR_RENT,APARTMENT,34.170834,-118.60023,,,sqft,740.0,sqft,,1.0,1.0,1.0,,,,['Forced Air'],['Central Air'],,,,,445300.0,2320.0,"[('2022-08-22', 435000), ('2018-06-11', 368000), ('2013-07-22', 260000), ('2012-04-27', 185000), ('2006-07-31', 350000)]",3.0,2400,USD,
90047,8211 S Denker Ave,FOR_SALE,SINGLE_FAMILY,33.964214,-118.304825,1924.0,3035.0,Square Feet,952.0,sqft,1.0,3.0,1.0,1.0,1.0,,[],,['None'],['None'],['Public Sewer'],,,661200.0,3055.0,"[('2009-09-09', 85000)]",662.0,629999,USD,
90293,8163 Redlands St APT 73,FOR_SALE,CONDO,33.956455,-118.438194,1973.0,0.7644398530762168,Acres,636.0,sqft,1.0,1.0,1.0,1.0,3.0,,[],,['None'],['Living Room'],['Public Sewer'],,,545700.0,2616.0,"[('2021-07-19', 430000), ('1996-07-30', 80000), ('1996-03-08', 66500), ('1995-06-28', 75000)]",816.0,519000,USD,
90003,324 W 88th St,PENDING,SINGLE_FAMILY,33.95719,-118.279175,1929.0,3604.0,Square Feet,1299.0,sqft,2.0,2.0,1.0,1.0,1.0,,[],,['Gas'],['None'],['Public Sewer'],,,656400.0,3111.0,"[('2004-05-28', 205000), ('2002-06-11', 147000)]",481.0,625000,USD,
90501,1444 W 227th St APT 3,FOR_SALE,CONDO,33.819836,-118.303085,1982.0,0.4961,Acres,1188.0,sqft,,3.0,3.0,2.0,,['Vinyl Plank'],[],['Central'],['None'],['None'],,,,636600.0,3412.0,[],462.0,549000,USD,
91352,8601 Sunland Blvd UNIT 3,FOR_SALE,TOWNHOUSE,34.22625,-118.3665,1983.0,,sqft,1208.0,sqft,2.0,3.0,2.0,1.0,2.0,['Vinyl'],[],['Central'],['Central Air'],['None'],['Public Sewer'],,,645400.0,3249.0,"[('2018-12-24', 393000), ('2008-07-30', 230000), ('2008-01-29', 276148), ('2000-10-31', 120000), ('1996-10-31', 68000), ('1996-07-01', 67000)]",497.0,599900,USD,
91364,20919 De La Guerra St,FOR_SALE,SINGLE_FAMILY,34.164093,-118.58913,1953.0,6249.0,Square Feet,1449.0,sqft,2.0,3.0,2.0,2.0,1.0,,[],,['Central Air'],['None'],['Public Sewer'],,,942200.0,4920.0,"[('1997-12-31', 245500), ('1997-03-25', 215000)]",621.0,900000,USD,
90047,1960 W 64th St,FOR_SALE,SINGLE_FAMILY,33.98117,-118.31317,1925.0,5093.0,Square Feet,1127.0,sqft,3.0,2.0,1.0,1.0,1.0,"['Laminate', 'Wood']",[],['Central'],"['None', 'Gas']","['Living Room', 'Wood Burning']",['Public Sewer'],Composition,,730400.0,3234.0,"[('2003-01-29', 176500), ('1999-01-06', 125000), ('1998-05-01', 92000), ('1998-01-28', 96600)]",620.0,699000,USD,
90012,800 W 1st St APT 2407,FOR_RENT,CONDO,34.056126,-118.25182,1968.0,,sqft,762.0,sqft,,1.0,1.0,1.0,32.0,['Hardwood'],,['Central'],['Central Air'],,,,,540700.0,2573.0,"[('2019-03-12', 465000), ('2018-07-19', 25200), ('2002-07-23', 200000), ('1999-07-29', 133000), ('1998-05-20', 108000)]",4.0,2800,USD,
90059,1766 E 113th St,PRE_FORECLOSURE,SINGLE_FAMILY,33.9318,-118.2418,1991.0,3428.0,Square Feet,1330.0,sqft,1.0,4.0,3.0,3.0,1.0,,['Slab'],['Wall Furnace'],['None'],['None'],['Public Sewer'],,,544600.0,3599.0,"[('2013-07-30', 245000), ('2013-01-10', 140000), ('2006-10-17', 388000), ('2006-04-06', 278100), ('2004-12-23', 262000), ('2003-12-08', 200000), ('2002-05-28', 95000), ('2001-06-05', 163384), ('1999-12-30', 150000)]",409.0,544600,USD,
90013,460 S Spring St APT 616,FOR_SALE,CONDO,34.04748,-118.24904,1912.0,0.707,Acres,820.0,sqft,,1.0,1.0,1.0,14.0,"['Hardwood', 'Tile']",[],['Central'],['Central Air'],['None'],,,,534000.0,2450.0,"[('2018-05-19', 2550), ('2015-11-17', 618000), ('2010-06-08', 365000)]",652.0,535000,USD,
91367,5550 Owensmouth Ave APT 204,FOR_RENT,CONDO,34.172215,-118.60107,1987.0,,sqft,920.0,sqft,,2.0,2.0,2.0,1.0,,,"['Central', 'Fireplace']",['Central Air'],,,,,544500.0,2966.0,"[('2022-07-08', 524955), ('2021-12-23', 487987), ('2016-11-29', 397000), ('2014-06-24', 355000), ('2009-10-02', 285000)]",3.0,2850,USD,
90731,564 W 13th St APT F,FOR_SALE,CONDO,33.732685,-118.289246,1992.0,8960.292,Square Feet,1124.0,sqft,2.0,2.0,3.0,2.0,2.0,"['Carpet', 'Laminate']",[],['Natural Gas'],['None'],['Gas'],,,,589200.0,2949.0,"[('2022-05-19', 505000), ('2022-03-16', 312000)]",517.0,581000,USD,
90744,1145 Cary Ave,FOR_SALE,SINGLE_FAMILY,33.786472,-118.25772,1958.0,4841.0,Square Feet,1414.0,sqft,2.0,4.0,3.0,2.0,1.0,,[],,['Wall/Window Unit(s)'],['None'],['Public Sewer'],,,710100.0,4227.0,[],487.0,688000,USD,
91367,5510 Owensmouth Ave APT 221,FOR_RENT,CONDO,34.17148,-118.60132,1987.0,,sqft,1020.0,sqft,,3.0,2.0,2.0,3.0,,,"['Central', 'Fireplace']",['Central Air'],,,,,576800.0,3331.0,"[('2016-04-29', 408000), ('2012-04-19', 260000), ('2005-10-05', 440500)]",3.0,3350,USD,
90003,139 E 83rd St,PRE_FORECLOSURE,SINGLE_FAMILY,33.963963,-118.27248,1927.0,4713.0,Square Feet,1095.0,sqft,0.0,3.0,2.0,2.0,1.0,,[],['Wall Furnace'],['None'],['Living Room'],['Public Sewer'],,,587800.0,3200.0,[],537.0,587800,USD,
90031,3526 Sierra St,PRE_FORECLOSURE,SINGLE_FAMILY,34.0861,-118.19969,1923.0,4998.0,Square Feet,986.0,sqft,0.0,3.0,2.0,,1.0,"['Laminate', 'Tile']",[],['Central'],['Central Air'],['None'],['Public Sewer'],,,580300.0,3614.0,[],589.0,580300,USD,
91367,21450 Burbank Blvd APT 317,FOR_RENT,APARTMENT,34.172195,-118.59827,,,sqft,1050.0,sqft,,2.0,2.0,2.0,,['Hardwood'],,['Forced Air'],['Central Air'],,,,,580300.0,2949.0,"[('2020-08-14', 465000), ('2016-12-13', 415000), ('2015-08-14', 400000), ('2012-10-12', 310000)]",3.0,3295,USD,
90047,8807 Cimarron St,FOR_SALE,SINGLE_FAMILY,33.957798,-118.31643,1941.0,5430.0,Square Feet,1035.0,sqft,2.0,2.0,1.0,1.0,1.0,,[],,['Gas'],['Living Room'],['Public Sewer'],,,723600.0,3170.0,[],671.0,694900,USD,
90049,11750 W Sunset Blvd APT 106,FOR_RENT,APARTMENT,34.06376,-118.47115,,,sqft,700.0,sqft,,1.0,1.0,1.0,,,,['Forced Air'],['Central Air'],,,,,599400.0,2966.0,"[('2017-09-22', 515000), ('2005-10-21', 430000), ('2003-01-10', 237000), ('1999-08-12', 132000)]",4.0,2900,USD,
90047,1423 W 65th St,FOR_SALE,MULTI_FAMILY,33.980846,-118.301056,1930.0,4763.0,Square Feet,1541.0,sqft,2.0,3.0,3.0,,1.0,['Laminate'],[],['Wall Furnace'],,['Living Room'],['Public Sewer'],Shingle,,,3693.0,"[('2017-01-05', 355000), ('2015-02-17', 347057)]",584.0,899900,USD,
91607,5307 Wilkinson Ave UNIT 6A,PENDING,CONDO,34.16697,-118.40468,1978.0,0.7922865013774105,Acres,1599.0,sqft,2.0,3.0,3.0,3.0,2.0,,[],['Central'],['Central Air'],"['Den', 'Gas']",['Public Sewer'],,,898100.0,4139.0,[],532.0,850000,USD,
90008,4771 Don Ricardo Dr #18,FOR_SALE,TOWNHOUSE,34.00797,-118.345634,1965.0,0.3440771349862259,Acres,1833.0,sqft,,3.0,3.0,1.0,,['Carpet'],[],"['Forced air', 'Wall', 'Electric']",['None'],,['In Street'],Tile,,,4740.0,"[('2003-10-29', 250000)]",436.0,799000,USD,
91601,4821 Riverton Ave APT 2,FOR_SALE,TOWNHOUSE,34.158215,-118.3662,1981.0,6904.0,Square Feet,1268.0,sqft,2.0,2.0,3.0,1.0,3.0,['Vinyl'],[],['Central'],['Central Air'],['Family Room'],['Public Sewer'],,,837300.0,3333.0,[],631.0,799900,USD,
90011,1462 E 57th St,FOR_SALE,MULTI_FAMILY,33.990864,-118.248436,1940.0,5423.0,Square Feet,1564.0,sqft,2.0,5.0,2.0,,1.0,,[],,,,['Public Sewer'],,,667600.0,3679.0,"[('2000-12-14', 125000)]",409.0,640000,USD,
91402,7810 Hazeltine Ave,PENDING,SINGLE_FAMILY,34.21252,-118.43876,1949.0,5942.0,Square Feet,1386.0,sqft,1.0,3.0,2.0,2.0,1.0,,[],,['None'],['None'],['Public Sewer'],,,743800.0,3798.0,[],505.0,699900,USD,
91335,19234 Hamlin St UNIT 5,FOR_RENT,TOWNHOUSE,34.188877,-118.55202,1975.0,,sqft,1269.0,sqft,,3.0,2.0,2.0,2.0,['Wood'],,['Central'],['Central Air'],,,,,637000.0,3495.0,[],4.0,4500,USD,
90293,8180 Manitoba St APT 138,FOR_SALE,CONDO,33.95442,-118.43774,1981.0,4.637,Acres,1301.0,sqft,2.0,2.0,2.0,2.0,1.0,['Vinyl Plank'],[],['Central'],['Central Air'],['Living Room'],,,,929500.0,3914.0,[],688.0,895000,USD,
90041,1832 Oak Tree Dr APT 15,FOR_SALE,TOWNHOUSE,34.136612,-118.20704,1981.0,1.391,Acres,1465.0,sqft,2.0,2.0,3.0,1.0,,['See Remarks'],[],['Central'],['Central Air'],['Living Room'],['Public Sewer'],,,992500.0,3892.0,[],601.0,879900,USD,
91342,12235 Pinney St,FOR_SALE,SINGLE_FAMILY,34.2849,-118.39968,1964.0,7576.0,Square Feet,1778.0,sqft,0.0,5.0,3.0,3.0,1.0,['Vinyl'],[],['Central'],['Central Air'],['None'],['Public Sewer'],Shingle,,1007500.0,3776.0,[],539.0,959000,USD,
90011,4300 Lima St,FOR_RENT,APARTMENT,34.005558,-118.24595,,,sqft,,,,2.0,1.0,1.0,,,,,,,,,,621100.0,2741.0,"[('2023-09-20', 440000)]",,2600,USD,
91335,19031 Hamlin St UNIT 8,PENDING,CONDO,34.189,-118.548386,1977.0,5.4251,Acres,1156.0,sqft,2.0,3.0,2.0,2.0,1.0,['Laminate'],[],['Natural Gas'],['None'],['None'],,,,674100.0,3099.0,"[('2020-01-27', 465000), ('2018-05-18', 465000), ('1997-09-26', 90000)]",577.0,667000,USD,
91406,7452 Dempsey Ave,FOR_RENT,SINGLE_FAMILY,34.206337,-118.47579,1949.0,,sqft,999.0,sqft,,3.0,1.0,1.0,1.0,['Laminate'],,"['Solar', 'Central', 'Fireplace']",['Central Air'],,,Shake Shingle,,674100.0,3482.0,"[('2001-09-28', 185000)]",4.0,3650,USD,
91356,18743 Hatteras St UNIT 6,FOR_SALE,TOWNHOUSE,34.177887,-118.5423,1981.0,4.0018,Acres,1465.0,sqft,2.0,2.0,3.0,2.0,2.0,['Carpet'],[],['Natural Gas'],['None'],['Gas'],,,,717800.0,3610.0,"[('2011-03-01', 267000)]",496.0,726000,USD,
91605,12345 Cohasset St,FOR_SALE,SINGLE_FAMILY,34.207363,-118.400955,1979.0,7.0869,Acres,1334.0,sqft,2.0,3.0,2.0,,2.0,['Wood'],[],['Central'],['Central Air'],['Family Room'],['Public Sewer'],,,894900.0,3300.0,"[('1996-10-25', 156000)]",637.0,850000,USD,
90061,11815 Avalon Blvd,PENDING,MULTI_FAMILY,33.92593,-118.26551,1917.0,7765.0,Square Feet,2346.0,sqft,0.0,4.0,4.0,,,['Wood'],[],,,['None'],['Public Sewer'],,,690900.0,3240.0,"[('2020-08-31', 600000), ('2018-09-13', 580000), ('2018-02-02', 495000), ('1994-07-19', 153500)]",277.0,649000,USD,
90037,1231 W 46th St,PRE_FORECLOSURE,SINGLE_FAMILY,34.00194,-118.29706,1909.0,6552.0,Square Feet,1810.0,sqft,0.0,4.0,2.0,1.0,,"['Carpet', 'Tile']","['Raised', 'Basement']","['Central', 'Natural Gas', 'Forced Air']",['Central Air'],['Living Room'],['Public Sewer'],"Composition,Shingle",,669700.0,4464.0,"[('2018-11-16', 991000)]",370.0,669700,USD,
90032,5510 Templeton St,FOR_SALE,SINGLE_FAMILY,34.086086,-118.16197,1927.0,4800.312,Square Feet,1150.0,sqft,,3.0,1.0,1.0,1.0,['Vinyl Plank'],[],['Central'],['Central Air'],['Decorative'],,,,1051000.0,3134.0,"[('2013-02-25', 330000), ('2012-07-31', 180000), ('2002-08-15', 195000)]",826.0,949995,USD,
91402,8745 Hazeltine Ave,FOR_SALE,SINGLE_FAMILY,34.228905,-118.443405,1949.0,6011.28,Square Feet,1140.0,sqft,2.0,3.0,2.0,2.0,1.0,['Hardwood'],[],['Natural Gas'],['None'],['None'],,,,775800.0,3834.0,"[('2013-11-26', 385000), ('2013-08-26', 250500)]",695.0,792000,USD,
91316,17807 Bullock St,FOR_SALE,SINGLE_FAMILY,34.179943,-118.52078,1949.0,5496.0,Square Feet,1481.0,sqft,1.0,3.0,2.0,2.0,1.0,,[],['Central'],['Central Air'],['None'],['Public Sewer'],,,1269700.0,4464.0,"[('1999-12-10', 209000), ('1997-07-11', 105000)]",810.0,1199000,USD,
91316,5224 Zelzah Ave UNIT 309,FOR_SALE,CONDO,34.166092,-118.52153,1990.0,0.49777318640955,Acres,1574.0,sqft,2.0,2.0,3.0,2.0,2.0,['Wood'],[],"['Central', 'Fireplace(s)']",['Central Air'],"['Family Room', 'Master Bedroom']",['Public Sewer'],,,702900.0,3898.0,"[('1996-03-28', 725454)]",438.0,690000,USD,
90066,4350 Berryman Ave APT 4,FOR_RENT,APARTMENT,34.000996,-118.41464,,,sqft,938.0,sqft,,2.0,2.0,2.0,,['Hardwood'],,['Wall Furnace'],['Central Air'],,,,,682500.0,3399.0,[],2.0,1700,USD,
90047,10012 S Gramercy Pl,FOR_SALE,SINGLE_FAMILY,33.944897,-118.31305,1949.0,6534.0,Square Feet,1198.0,sqft,,2.0,1.0,,,,[],,,,,,,,3195.0,"[('2021-08-06', 730000), ('2021-04-01', 545000)]",0.0,0,USD,
90043,3955 W 64th St,PRE_FORECLOSURE,SINGLE_FAMILY,33.981915,-118.34314,1941.0,,sqft,1107.0,sqft,2.0,3.0,1.0,1.0,1.0,,[],"['Fireplace(s)', 'Wood']",,,,Tile,,702800.0,3884.0,[],635.0,702800,USD,
91352,7907 Satsuma Ave,PENDING,SINGLE_FAMILY,34.214176,-118.36738,1944.0,7698.0,Square Feet,1499.0,sqft,1.0,3.0,2.0,2.0,1.0,,[],,['See Remarks'],['See Remarks'],['Public Sewer'],,,953900.0,4200.0,"[('2020-06-12', 525000)]",600.0,899000,USD,
91344,16652 Lahey St,FOR_SALE,SINGLE_FAMILY,34.27265,-118.49536,1955.0,7330.0,Square Feet,1352.0,sqft,2.0,4.0,2.0,2.0,1.0,,[],['Central'],['Central Air'],['Living Room'],['Public Sewer'],,,,3896.0,"[('1994-10-26', 146000), ('1994-06-13', 114000)]",732.0,989000,USD,
90744,321 W F St,FOR_RENT,SINGLE_FAMILY,33.77712,-118.26559,,,sqft,872.0,sqft,,3.0,1.0,1.0,,,,,['Wall Unit'],,,,,700200.0,2998.0,[],4.0,3400,USD,
90049,11630 Bellagio Rd,FOR_SALE,SINGLE_FAMILY,34.076447,-118.46652,1940.0,0.621900826446281,Acres,3201.0,sqft,1.0,6.0,5.0,4.0,2.0,"['Tile', 'Wood']",[],['Central'],['Central Air'],"['Family Room', 'Living Room', 'Gas']",['Unknown'],,,,14322.0,"[('2022-09-23', 3300000), ('2015-01-28', 2370000)]",1062.0,3400000,USD,
90038,6512 Barton Ave,FOR_SALE,SINGLE_FAMILY,34.08755,-118.33366,1921.0,3380.256,Square Feet,1636.0,sqft,,3.0,3.0,1.0,1.0,['Other'],[],['None'],['None'],['None'],,,,878200.0,5500.0,"[('2023-12-28', 625000)]",547.0,895000,USD,
91316,4949 Genesta Ave UNIT 407,FOR_SALE,CONDO,34.16119,-118.50386,1974.0,1.3608,Acres,2018.0,sqft,2.0,2.0,2.0,2.0,2.0,,[],['Central'],['Central Air'],['Living Room'],['Public Sewer'],,,,4984.0,[],405.0,817000,USD,
90011,483 E 49th St,FOR_SALE,MULTI_FAMILY,33.999084,-118.26671,1909.0,7418.268,Square Feet,4134.0,sqft,,,0.0,,,,[],['None'],['None'],,,,,,,"[('2021-06-03', 675000)]",200.0,825000,USD,
90024,1710 Malcolm Ave APT 105,PRE_FORECLOSURE,CONDO,34.051804,-118.43592,1973.0,0.3328741965105601,Acres,1280.0,sqft,2.0,2.0,2.0,2.0,3.0,['Vinyl'],[],['Fireplace(s)'],['Central Air'],['Living Room'],['Public Sewer'],Composition,,717100.0,4034.0,"[('1989-04-04', 232502)]",560.0,717100,USD,
91342,12608 De Foe Ave,PRE_FORECLOSURE,SINGLE_FAMILY,34.29919,-118.44353,1955.0,5401.0,Square Feet,1028.0,sqft,2.0,3.0,1.0,1.0,1.0,,[],['Wall Furnace'],['Central Air'],['None'],['Public Sewer'],Common Roof,,720500.0,3335.0,[],701.0,720500,USD,
91304,8434 Glassport Ave,PRE_FORECLOSURE,SINGLE_FAMILY,34.2232,-118.593895,1968.0,5609.0,Square Feet,1342.0,sqft,2.0,3.0,2.0,2.0,1.0,"['Laminate', 'Tile']",[],['Central'],['Central Air'],['Living Room'],['Public Sewer'],,,739800.0,3893.0,"[('2001-03-30', 234000), ('1998-12-09', 200000)]",551.0,739800,USD,
91342,13245 Klein Ct,FOR_RENT,TOWNHOUSE,34.30087,-118.42228,2017.0,,sqft,1920.0,sqft,,5.0,4.0,4.0,3.0,"['Tile', 'Wood']",,['Central'],['Central Air'],,,,,725400.0,4328.0,"[('2018-01-23', 484500)]",1.0,1000,USD,
91335,7523 Hesperia Ave,FOR_SALE,SINGLE_FAMILY,34.207253,-118.52655,1948.0,6503.508,Square Feet,1010.0,sqft,,3.0,1.0,1.0,1.0,"['Carpet', 'Linoleum', 'Ceramic Tile']",[],['Central'],['None'],['Living Room'],,,,711300.0,3499.0,[],692.0,699000,USD,
90062,1827 W 51st St,FORECLOSED,SINGLE_FAMILY,33.99724,-118.31234,1926.0,7509.0,Square Feet,2060.0,sqft,,4.0,2.0,2.0,,[],[],[],['None'],,,,,940800.0,4850.0,"[('2018-07-26', 600000), ('2017-11-14', 375000)]",457.0,940800,USD,
91303,22325 Covello St,FOR_SALE,SINGLE_FAMILY,34.20761,-118.61329,1956.0,7108.0,Square Feet,1372.0,sqft,2.0,4.0,2.0,1.0,1.0,"['Carpet', 'Vinyl']",['Slab'],['Central'],['Central Air'],['Living Room'],['Public Sewer'],,,1028200.0,3995.0,[],725.0,995000,USD,
91406,6627 Whitman Ave,FOR_SALE,SINGLE_FAMILY,34.191048,-118.47653,1956.0,6833.0,Square Feet,1605.0,sqft,2.0,4.0,2.0,2.0,1.0,"['Tile', 'Vinyl', 'Wood']",['Raised'],['Central'],['Central Air'],['Living Room'],['Public Sewer'],Composition,,1037600.0,4640.0,[],621.0,997000,USD,
91042,10160 Fernglen Ave APT 5,PENDING,CONDO,34.2541,-118.294,2006.0,10240.956,Square Feet,1760.0,sqft,2.0,3.0,3.0,2.0,2.0,"['Carpet', 'Laminate', 'Tile', 'Other']",[],['Natural Gas'],['None'],['None'],,,,798900.0,4334.0,"[('2012-02-15', 293000), ('2011-07-14', 280000), ('2008-04-24', 427500), ('2007-07-06', 435000)]",457.0,805000,USD,
91344,17208 Kingsbury St,PENDING,SINGLE_FAMILY,34.26333,-118.50918,1946.0,5501.0,Square Feet,1016.0,sqft,1.0,2.0,2.0,2.0,1.0,"['Laminate', 'Tile', 'Vinyl']",[],['Central'],['Central Air'],['None'],"['Public Sewer', 'Sewer Paid']",,,,3095.0,[],827.0,840000,USD,
90047,2057 W 96th St,FOR_RENT,SINGLE_FAMILY,33.949314,-118.31538,,,sqft,1045.0,sqft,,3.0,1.0,1.0,,['Hardwood'],,['Wall Furnace'],['Ceiling Fan'],,,,,779900.0,3599.0,"[('2011-02-18', 240000), ('2010-06-01', 225250), ('2005-11-07', 449000), ('2005-07-12', 712000)]",4.0,4000,USD,
90042,4201 Via Marisol APT 136,FOR_RENT,APARTMENT,34.09706,-118.185036,,,sqft,1316.0,sqft,,2.0,2.0,2.0,,,,['Forced Air'],['Central Air'],,,,,762700.0,3900.0,"[('2012-09-26', 320000), ('2000-11-30', 180000), ('1993-12-16', 152000), ('1993-09-01', 152000)]",3.0,3695,USD,
91367,23130 Victory Blvd,FOR_SALE,SINGLE_FAMILY,34.186104,-118.63098,1955.0,6550.0,Square Feet,1276.0,sqft,2.0,3.0,2.0,2.0,1.0,,[],['Forced Air'],['Central Air'],['Living Room'],['Public Sewer'],,,,4200.0,"[('2017-03-31', 550000), ('2009-05-28', 302000), ('2008-10-23', 315000), ('2006-08-01', 598000), ('1997-03-26', 140000)]",686.0,875800,USD,
91306,7318 Jumilla Ave,FOR_SALE,SINGLE_FAMILY,34.203465,-118.56309,1956.0,7017.516,Square Feet,1607.0,sqft,,4.0,2.0,2.0,1.0,['Laminate'],[],['Central'],['Central Air'],['Living Room'],,,,1017600.0,4069.0,"[('2005-06-16', 300000), ('1998-03-09', 167000), ('1994-10-12', 143000)]",613.0,985000,USD,
90744,1215 W L St,FOR_RENT,SINGLE_FAMILY,33.78624,-118.278595,,,sqft,1250.0,sqft,,2.0,1.0,1.0,,['Hardwood'],,,['Window Unit'],,,,,822500.0,3140.0,"[('2012-10-25', 333000), ('2012-06-22', 230000), ('1993-12-17', 120000)]",3.0,3500,USD,
91342,12878 Norris Ave,PENDING,SINGLE_FAMILY,34.304447,-118.454796,1946.0,6721.0,Square Feet,1116.0,sqft,0.0,3.0,1.0,1.0,1.0,,[],,['Central Air'],['None'],['Public Sewer'],,,751700.0,3393.0,"[('2019-08-09', 510000), ('2010-01-29', 280000), ('2009-09-16', 189000), ('2009-06-25', 230000)]",672.0,749900,USD,
91605,7722 Kraft Ave,FOR_SALE,SINGLE_FAMILY,34.210964,-118.379845,1944.0,6002.568,Square Feet,1000.0,sqft,,2.0,2.0,2.0,1.0,['Laminate'],[],['Central'],['Central Air'],['None'],['In Street'],,,1010500.0,3594.0,"[('2019-02-19', 2800), ('2018-11-26', 540000), ('2015-01-27', 350000)]",950.0,950000,USD,
91326,11265 Garden Grove Ave,FOR_SALE,SINGLE_FAMILY,34.275978,-118.5309,1965.0,0.2544,Acres,2040.0,sqft,,4.0,3.0,3.0,2.0,"['Mixed', 'Laminate', 'Tile']",[],['Central'],['Central Air'],['Living Room'],,,,1266000.0,4964.0,[],612.0,1249000,USD,
91331,12631 Remington St,FOR_RENT,SINGLE_FAMILY,34.266502,-118.4085,,,sqft,2087.0,sqft,,4.0,3.0,3.0,,,,['Forced Air'],['Central Air'],,,,,995400.0,4200.0,[],2.0,5000,USD,
91605,12544 Cantara St,FOR_SALE,SINGLE_FAMILY,34.21962,-118.40694,1954.0,6369.0,Square Feet,1524.0,sqft,0.0,4.0,3.0,,1.0,,[],,['Central Air'],['Living Room'],['Public Sewer'],,,1169100.0,4500.0,"[('2006-12-08', 545000), ('2005-03-24', 434500), ('2000-07-26', 175000), ('2000-05-15', 138125)]",722.0,1100000,USD,
91343,8307 Densmore Ave,FOR_SALE,SINGLE_FAMILY,34.221737,-118.479034,1953.0,7252.74,Square Feet,1217.0,sqft,,2.0,2.0,1.0,1.0,"['Hardwood', 'Laminate', 'Ceramic Tile']",[],['Wall'],"['Wall Unit(s)', 'Wall/Window Unit(s)']",['None'],['In Street'],Shingle,,903900.0,3214.0,"[('1994-05-27', 126000)]",703.0,855000,USD,
91604,11851 Laurelwood Dr APT 103,FOR_SALE,CONDO,34.14158,-118.39071,2006.0,0.4535123966942149,Acres,2040.0,sqft,2.0,3.0,4.0,4.0,3.0,"['Carpet', 'Tile', 'Wood']",[],['Central'],['Central Air'],['Living Room'],['Public Sewer'],Composition,,1114400.0,6858.0,"[('2007-06-18', 675000)]",514.0,1049000,USD,
90019,1043 S Plymouth Blvd,FOR_SALE,SINGLE_FAMILY,34.054688,-118.32736,1921.0,8524.692,Square Feet,2272.0,sqft,,4.0,2.0,2.0,1.0,['Other'],[],['Central'],['Central Air'],['Living Room'],['In Street'],Tile,,,5764.0,"[('2017-08-15', 890000), ('2015-10-22', 790000)]",570.0,1295000,USD,
91324,8800 Winnetka Ave,FOR_RENT,SINGLE_FAMILY,34.23014,-118.57069,,,sqft,1400.0,sqft,,3.0,2.0,2.0,,['Hardwood'],,['Forced Air'],['Central Air'],,,,,835400.0,3914.0,[],3.0,3750,USD,
91345,15425 W Encanto Way Mission Hls,OTHER,HOME_TYPE_UNKNOWN,34.266373,-118.460304,,,sqft,,,,,,,,[],[],[],[],,,,,829900.0,4300.0,[],,829900,USD,
90037,232 W 40th Pl,FOR_SALE,SINGLE_FAMILY,34.00978,-118.27706,1916.0,6529.0,Square Feet,2407.0,sqft,0.0,7.0,4.0,4.0,2.0,,[],['See Remarks'],['Wall/Window Unit(s)'],['None'],['Public Sewer'],,,1302800.0,4756.0,"[('2002-10-16', 175000)]",519.0,1249995,USD,
90029,929 Sanborn Ave,PRE_FORECLOSURE,SINGLE_FAMILY,34.08901,-118.28308,1924.0,2702.0,Square Feet,832.0,sqft,1.0,2.0,1.0,1.0,1.0,,[],,['None'],['See Remarks'],['Sewer Paid'],,,841600.0,3463.0,[],1012.0,841600,USD,
90501,1507 207th St,FOR_RENT,SINGLE_FAMILY,33.842896,-118.30423,,,sqft,1771.0,sqft,,4.0,3.0,3.0,,['Hardwood'],,['Forced Air'],['Central Air'],,,,,835500.0,3997.0,[],3.0,5100,USD,
90042,6119 Strickland Ave,FOR_SALE,SINGLE_FAMILY,34.127975,-118.1866,1911.0,0.2571854912764004,Acres,2576.0,sqft,2.0,4.0,1.0,1.0,2.0,,[],,['None'],['None'],['Public Sewer'],,,1382100.0,3979.0,[],485.0,1250000,USD,
91344,17150 Celtic St,FOR_RENT,SINGLE_FAMILY,34.26902,-118.5069,,,sqft,2000.0,sqft,,3.0,2.0,2.0,,,,,['Central Air'],,,,,964400.0,4973.0,[],2.0,4500,USD,
91307,22718 Haynes St,FOR_SALE,SINGLE_FAMILY,34.189533,-118.622505,1957.0,7922.0,Square Feet,2009.0,sqft,2.0,4.0,2.0,2.0,2.0,,['Raised'],['Central'],"['Central Air', 'Dual']","['Living Room', 'Gas']",['Public Sewer'],Composition,,1293300.0,5170.0,"[('2017-06-13', 640000), ('2016-03-10', 550000)]",635.0,1275000,USD,
90016,3721 Potomac Ave,FOR_RENT,SINGLE_FAMILY,34.01938,-118.34449,1944.0,,sqft,1156.0,sqft,,3.0,1.5,1.0,1.0,,,"['Wall Furnace', 'Fireplace']","['Wall Unit', 'Ceiling Fan']",,,"Composition,Shake Shingle",,980000.0,3905.0,[],4.0,5000,USD,
91352,8522 La Tuna Canyon Rd,PRE_FORECLOSURE,SINGLE_FAMILY,34.23605,-118.318924,1948.0,0.8003,Acres,2088.0,sqft,,2.0,2.0,1.0,2.0,"['Linoleum', 'Hardwood', 'Other']",[],"['Other', 'Heat Pump']","['Air Conditioning', 'Central Air']",['Living Room'],['In Connected and Paid'],,,925300.0,5328.0,[],443.0,925300,USD,
91306,20338 Keswick St,FOR_RENT,SINGLE_FAMILY,34.209415,-118.5768,1970.0,,sqft,2587.0,sqft,,4.0,2.0,2.0,1.0,,,"['Central', 'Fireplace']",['Central Air'],,,,,,5128.0,"[('2014-12-10', 565000), ('2014-07-17', 448000), ('2002-09-24', 340000), ('2002-05-17', 200200), ('1999-01-29', 199000)]",2.0,6000,USD,
91401,13205 Victory Blvd,FOR_SALE,TOWNHOUSE,34.186893,-118.42057,2018.0,1433.124,Square Feet,1930.0,sqft,2.0,3.0,4.0,3.0,3.0,['Laminate'],[],['Natural Gas'],['None'],['None'],,,,996200.0,4664.0,"[('2019-06-20', 751000)]",516.0,995000,USD,
91406,17226 Elkwood St,FOR_RENT,SINGLE_FAMILY,34.212536,-118.508644,,,sqft,1750.0,sqft,,3.0,3.0,3.0,,['Hardwood'],,,['Central Air'],,,,,954900.0,4287.0,"[('2001-11-21', 222000), ('1998-06-30', 135000)]",3.0,4500,USD,
91307,24312 Vanowen St,FOR_SALE,SINGLE_FAMILY,34.194363,-118.65424,1960.0,6886.836,Square Feet,1570.0,sqft,2.0,3.0,2.0,2.0,1.0,"['Laminate', 'Tile']",[],['Natural Gas'],['None'],['Wood Burning'],,,,915900.0,3994.0,"[('2022-11-01', 825000), ('2010-06-21', 435000), ('2008-01-18', 440222), ('2005-01-24', 515000)]",587.0,922000,USD,
91326,18401 Germain St,FOR_SALE,SINGLE_FAMILY,34.26207,-118.534256,1959.0,0.2527777777777777,Acres,2308.0,sqft,2.0,5.0,3.0,3.0,1.0,"['Laminate', 'Tile']",[],['Central'],['Central Air'],['Living Room'],['Public Sewer'],,,1182000.0,5350.0,"[('2020-05-19', 850000), ('2008-01-14', 502500), ('1994-03-23', 245000)]",476.0,1099000,USD,
90094,6400 S Crescent Park E #416,OTHER,HOME_TYPE_UNKNOWN,33.96966,-118.42692,,,sqft,,,,,,,,[],[],[],[],,,,,942600.0,3900.0,[],,942600,USD,
91326,19453 Twin Hills Pl,FOR_SALE,SINGLE_FAMILY,34.28029,-118.55516,1977.0,8876.0,Square Feet,2301.0,,2.0,4.0,3.0,3.0,1.0,,[],['Central'],['Central Air'],['Family Room'],['Public Sewer'],,,,5455.0,[],600.0,1380000,USD,
91304,8323 Lester Ln,FOR_SALE,SINGLE_FAMILY,34.22009,-118.639854,1963.0,0.2527318640955004,Acres,2043.0,sqft,2.0,4.0,2.0,2.0,1.0,['Wood'],['Raised'],"['Natural Gas', 'Central']",,"['Gas', 'Living Room']",,Shingle,,1300200.0,4994.0,[],612.0,1250000,USD,
91324,18940 Knapp St,FOR_RENT,SINGLE_FAMILY,34.238068,-118.54638,,,sqft,1702.0,sqft,,4.0,2.0,2.0,,['Hardwood'],,['Forced Air'],['Central Air'],,,,,960200.0,4433.0,[],3.0,4600,USD,
91306,19711 Blythe St,FOR_RENT,SINGLE_FAMILY,34.215008,-118.562836,,,sqft,2473.0,sqft,,4.0,3.0,3.0,,['Hardwood'],,['Forced Air'],['Central Air'],,,,,1001200.0,4900.0,"[('1996-07-23', 223000)]",2.0,4500,USD,
90015,1619 W 11th Pl,FOR_RENT,APARTMENT,34.047455,-118.276,,,sqft,1780.0,sqft,,3.0,1.5,1.0,,['Hardwood'],,['Forced Air'],['Central Air'],,,,,933600.0,4465.0,[],2.0,3950,USD,
91601,5902 Lemp Ave,FOR_RENT,SINGLE_FAMILY,34.17774,-118.384155,,,sqft,1072.0,sqft,,3.0,2.0,2.0,,['Hardwood'],,['Forced Air'],['Central Air'],,,,,991600.0,4058.0,"[('2020-12-08', 726000), ('2011-01-28', 282002)]",5.0,4900,USD,
90026,113 Robinson St,FOR_SALE,MULTI_FAMILY,34.073166,-118.28403,1923.0,4800.312,Square Feet,3184.0,sqft,,4.0,4.0,,,"['Laminate', 'Vinyl']",[],['Wall Gas'],['None'],,['In Street'],,,,3453.0,"[('2022-06-15', 1018580), ('2018-01-30', 1189000), ('2005-04-15', 675000)]",251.0,799900,USD,
91311,19818 Itasca St,FOR_RENT,SINGLE_FAMILY,34.24439,-118.56557,1958.0,,sqft,1901.0,sqft,,3.0,2.0,2.0,2.0,,,['Central'],['Central Air'],,,,,1035800.0,4392.0,"[('2005-04-15', 639000)]",3.0,5100,USD,
90043,6520 6th Ave,FOR_RENT,SINGLE_FAMILY,33.98008,-118.32327,,,sqft,1763.0,sqft,,3.0,2.0,2.0,,['Hardwood'],,['Forced Air'],['Central Air'],,,,,1030000.0,4366.0,"[('2022-03-04', 808000), ('2015-07-31', 346500)]",3.0,4750,USD,
90019,1358 S Ridgeley Dr,FOR_SALE,SINGLE_FAMILY,34.049328,-118.355156,1949.0,5745.0,Square Feet,861.0,sqft,0.0,2.0,1.0,1.0,1.0,"['Tile', 'Wood']",[],['Central'],['Central Air'],"['Living Room', 'Decorative', 'Fire Pit']",['Public Sewer'],,,1227300.0,2999.0,"[('2012-07-18', 421000), ('2004-12-09', 575000), ('2004-03-03', 532500), ('2002-08-22', 397000), ('2002-05-14', 247500), ('1994-01-13', 107000)]",1382.0,1190000,USD,
91607,11815 W Holly Way,FOR_RENT,SINGLE_FAMILY,34.16905,-118.39031,2024.0,,sqft,2211.0,sqft,,3.0,3.5,3.0,3.0,,,"['Solar', 'Central']",['Central Air'],,,,,1030600.0,5128.0,[],3.0,6000,USD,
91307,23025 Cohasset St,FOR_SALE,SINGLE_FAMILY,34.205967,-118.628624,1956.0,7562.016,Square Feet,2224.0,sqft,,4.0,2.0,2.0,1.0,['Laminate'],[],['Natural Gas'],['None'],['Wood Burning'],,,,1126100.0,4950.0,"[('2020-03-24', 761500), ('2017-08-29', 630000)]",478.0,1063000,USD,
90019,1259 S Longwood Ave,PRE_FORECLOSURE,MULTI_FAMILY,34.05171,-118.34118,1923.0,7688.0,Square Feet,3342.0,sqft,0.0,4.0,2.0,,2.0,,[],,,,['Public Sewer'],,,1075000.0,4999.0,"[('2017-06-20', 1000), ('1999-07-28', 350000), ('1993-09-01', 230000)]",322.0,1075000,USD,
90024,10640 Wilkins Ave APT 204,FOR_SALE,CONDO,34.056442,-118.43275,1982.0,0.2992,Acres,1894.0,sqft,,2.0,3.0,2.0,3.0,['Laminate'],[],['Central'],['Central Air'],"['Living Room', 'Master Bedroom']",,,,1276400.0,5200.0,"[('2019-07-02', 885000), ('2017-11-14', 875000), ('1999-06-15', 358000)]",684.0,1295000,USD,
90008,4219 S Bronson Ave,FOR_SALE,SINGLE_FAMILY,34.007782,-118.33349,1935.0,4637.0,Square Feet,2171.0,sqft,2.0,3.0,4.0,2.0,2.0,,[],['Central'],['Central Air'],['Living Room'],['Public Sewer'],,,1590500.0,6632.0,"[('2012-07-11', 340000), ('2011-03-25', 588606), ('2006-06-28', 650000), ('2001-06-28', 290000)]",730.0,1585000,USD,
90031,2359 Harwood St,FOR_SALE,SINGLE_FAMILY,34.090054,-118.23213,1937.0,5270.76,Square Feet,2342.0,sqft,,4.0,3.0,3.0,1.0,['Vinyl Plank'],[],['Central'],['Central Air'],['None'],,,,1693300.0,6210.0,[],683.0,1599000,USD,
90065,1134 Isabel St,FOR_RENT,SINGLE_FAMILY,34.09618,-118.22372,1915.0,,sqft,1036.0,sqft,,3.0,2.0,2.0,,['Hardwood'],,['Forced Air'],['Central Air'],,,,,978600.0,4500.0,"[('2022-02-01', 650000)]",5.0,4895,USD,
90066,2028 Walgrove Ave,FOR_SALE,SINGLE_FAMILY,34.002003,-118.4497,1950.0,4987.62,Square Feet,1503.0,sqft,,3.0,3.0,1.0,1.0,"['Carpet', 'Wood Under Carpet', 'Tile']",[],['Wall'],['None'],['None'],,,,1492900.0,5740.0,[],928.0,1395000,USD,
90013,530 S Hewitt St UNIT 517,FOR_RENT,APARTMENT,34.04123,-118.234634,,,sqft,1380.0,sqft,,2.0,2.0,2.0,,,,['Forced Air'],['Central Air'],,,,,1129300.0,4379.0,"[('2019-02-06', 1100000)]",3.0,4650,USD,
90045,7807 Naylor Ave,FOR_SALE,SINGLE_FAMILY,33.96956,-118.395,1944.0,6002.568,Square Feet,1576.0,sqft,,3.0,2.0,2.0,1.0,['Vinyl Tile'],[],['Forced Air'],['None'],['None'],,,,1360200.0,5996.0,"[('2021-12-20', 1130000)]",856.0,1349000,USD,
91606,6134 Fair Ave,FOR_SALE,SINGLE_FAMILY,34.182213,-118.374405,1931.0,5566.968,Square Feet,2247.0,sqft,1.0,4.0,3.0,3.0,2.0,['Tile'],[],['Natural Gas'],['None'],['Gas'],,,,1360200.0,7600.0,"[('2021-09-03', 1200000), ('2016-04-15', 448500)]",566.0,1272000,USD,
91304,8736 Farralone Ave,FOR_SALE,SINGLE_FAMILY,34.229603,-118.61067,1962.0,0.2606,Acres,1795.0,sqft,2.0,4.0,2.0,2.0,1.0,"['Laminate', 'Tile']",[],['Natural Gas'],['None'],['Gas'],,,,1285700.0,4500.0,"[('2008-09-05', 620000), ('2003-08-13', 495000), ('1998-08-20', 265000)]",675.0,1211000,USD,
91342,10601 Kurt St,FOR_SALE,SINGLE_FAMILY,34.27846,-118.36124,1964.0,10808.0,Acres,1908.0,sqft,,3.0,3.0,,,,[],,,,,,,1020800.0,4200.0,"[('2003-03-13', 333000)]",576.0,1099000,USD,
90043,6321 11th Ave,FOR_SALE,MULTI_FAMILY,33.982273,-118.32977,,0.2609,Acres,,,,,3.0,,1.0,,[],['None'],['Central Air'],,,,,1539600.0,4392.0,"[('2013-12-27', 420000), ('2012-07-09', 220000), ('2010-12-22', 355890)]",,1499000,USD,
91325,17402 Chase St,FOR_SALE,SINGLE_FAMILY,34.2229,-118.51263,1951.0,0.5133838383838384,Acres,1357.0,sqft,4.0,2.0,2.0,2.0,1.0,,[],['Central'],"['Central Air', 'Wall/Window Unit(s)']",['None'],['Public Sewer'],,,1518200.0,3599.0,[],1094.0,1485000,USD,
91343,8901 Rubio Ave,PENDING,SINGLE_FAMILY,34.23226,-118.49599,1955.0,7917.0,Square Feet,1806.0,sqft,2.0,3.0,2.0,2.0,1.0,['Wood'],[],['Central'],['Central Air'],['Living Room'],['Unknown'],,,1285500.0,4058.0,[],664.0,1200000,USD,
91042,7422 Valaho Ln,FOR_SALE,SINGLE_FAMILY,34.250477,-118.294785,2004.0,4896.0,Square Feet,2262.0,sqft,2.0,3.0,4.0,2.0,3.0,"['Vinyl', 'Wood']",[],['Central'],['Central Air'],['Living Room'],['Public Sewer'],Flat,,,5677.0,"[('2011-03-17', 422000), ('2010-02-16', 405794), ('2004-06-22', 519000)]",574.0,1299000,USD,
90032,5321 Templeton St,FOR_RENT,SINGLE_FAMILY,34.08521,-118.167915,,,sqft,850.0,sqft,,2.0,2.0,2.0,,['Hardwood'],,['Forced Air'],['Central Air'],,,,,1278400.0,4952.0,"[('2021-10-21', 580000), ('2012-05-10', 249000), ('2011-08-02', 141000)]",4.0,3200,USD,
90005,2823 W 8th St,FORECLOSED,SINGLE_FAMILY,34.058006,-118.28737,1908.0,6250.0,Square Feet,3480.0,sqft,,4.0,3.0,3.0,,"['Tile', 'Carpet', 'Laminate']",[],"['Forced air', 'Solar']",['Central'],,"['In Street', 'Other']",Other,,1392000.0,6499.0,"[('2021-10-26', 1420000), ('2010-02-17', 570000), ('2009-12-10', 430027), ('2004-04-02', 630000), ('2003-08-08', 455000), ('2001-04-10', 266500), ('1998-05-22', 150000), ('1997-06-09', 100785)]",400.0,1392000,USD,
90068,1921 N Saint Andrews Pl,FOR_SALE,SINGLE_FAMILY,34.106026,-118.31186,1919.0,6603.696,Square Feet,1641.0,sqft,,3.0,2.0,1.0,1.0,"['Hardwood', 'Mixed', 'Tile']",[],['Floor Furnace'],['None'],['Living Room'],,,,1509700.0,5200.0,"[('1997-12-23', 300000)]",911.0,1495000,USD,
91343,16901 Kinzie St,FOR_RENT,SINGLE_FAMILY,34.248642,-118.50054,,,sqft,2024.0,sqft,,4.0,2.0,2.0,,['Wood'],,,['Central Air'],,,,,1256000.0,4500.0,"[('2023-11-16', 865000)]",3.0,5395,USD,
91601,5759 Satsuma Ave,FOR_RENT,SINGLE_FAMILY,34.175575,-118.367256,1925.0,,sqft,1776.0,sqft,,2.0,2.0,2.0,1.0,['Tile'],,"['Central', 'Fireplace']",['Central Air'],,,,,1323400.0,5173.0,"[('2023-09-29', 855000)]",6.0,10050,USD,
91367,20361 Clark St,FOR_RENT,SINGLE_FAMILY,34.17102,-118.5779,,,sqft,1321.0,sqft,,3.0,2.0,2.0,,,,,['Central Air'],,,,,1315600.0,4600.0,"[('2017-01-10', 624000), ('2004-10-28', 547000), ('2003-04-21', 390000)]",5.0,6800,USD,
91325,17533 Raymer St,FOR_RENT,SINGLE_FAMILY,34.22661,-118.51689,1949.0,,sqft,2310.0,sqft,,3.0,3.0,3.0,1.0,,,"['Central', 'Fireplace']",['Central Air'],,,,,1386000.0,7640.0,"[('2014-12-19', 705000), ('2000-03-01', 340000)]",3.0,5900,USD,
90028,1311 N Cherokee Ave,FOR_RENT,APARTMENT,34.094734,-118.33552,,,sqft,,,,2.0,2.0,2.0,,,,,,,,,,1220000.0,4984.0,"[('2018-05-08', 1288000), ('2011-04-28', 589000), ('2003-11-20', 580000), ('2003-07-31', 420000)]",,4800,USD,
91325,17803 Parthenia St,FOR_SALE,SINGLE_FAMILY,34.2292,-118.52185,1951.0,1.0993,Acres,3401.0,sqft,0.0,4.0,4.0,4.0,1.0,['Laminate'],[],['Central'],['Central Air'],['Living Room'],['Public Sewer'],Composition,,1833500.0,5483.0,[],529.0,1799950,USD,
91304,24108 Clarington Dr,FOR_RENT,SINGLE_FAMILY,34.208145,-118.65159,1987.0,,sqft,3585.0,sqft,,4.0,3.0,3.0,1.0,"['Laminate', 'Wood']",,"['Central', 'Fireplace']","['Central Air', 'Ceiling Fan']",,,,,1494700.0,6994.0,"[('2017-09-11', 985000), ('2008-05-22', 950000), ('1994-07-22', 475000)]",2.0,7500,USD,
90094,5350 Playa Vista Dr APT 1,PENDING,TOWNHOUSE,33.975147,-118.42781,2005.0,1.5816,Acres,2200.0,sqft,3.0,2.0,3.0,2.0,3.0,"['Hardwood', 'Tile']",[],['Natural Gas'],['None'],['None'],,,,1739000.0,6950.0,"[('2010-05-25', 685000), ('2006-04-21', 966000)]",768.0,1690000,USD,
90043,6122 S Victoria Ave,FOR_SALE,SINGLE_FAMILY,33.983906,-118.33191,1915.0,0.2611799816345271,Acres,2051.0,sqft,2.0,5.0,3.0,3.0,2.0,,[],['Central'],['None'],['See Remarks'],['Public Sewer'],,,,5104.0,"[('2002-06-28', 230000), ('1998-10-15', 158000), ('1995-04-28', 133500)]",973.0,1995000,USD,
90032,2421 Endicott St,FOR_RENT,MULTI_FAMILY,34.074993,-118.17183,1938.0,,sqft,2919.0,sqft,,2.0,1.0,1.0,1.0,,,,,,,,,1527200.0,2550.0,"[('2006-08-30', 639000), ('2004-05-04', 435000), ('1999-05-28', 229000)]",1.0,2500,USD,
90008,4523 Don Diego Dr,FOR_SALE,SINGLE_FAMILY,34.007504,-118.3535,1956.0,8028.108,Square Feet,2011.0,sqft,2.0,3.0,2.0,2.0,1.0,['Carpet'],[],['Natural Gas'],['None'],['Gas'],,,,1758900.0,5358.0,"[('2015-01-15', 875000), ('2014-01-28', 620000)]",834.0,1678000,USD,
91316,5011 Texhoma Ave,FOR_RENT,SINGLE_FAMILY,34.16108,-118.51745,,,sqft,1941.0,sqft,,4.0,2.0,2.0,,['Hardwood'],,['Forced Air'],['Central Air'],,,,,1450100.0,5829.0,[],3.0,5950,USD,
91401,5222 Atoll Ave,FOR_SALE,SINGLE_FAMILY,34.165543,-118.41962,2017.0,5044.248,Square Feet,3147.0,sqft,2.0,4.0,5.0,4.0,1.0,"['Hardwood', 'Tile', 'Vinyl']",[],['Natural Gas'],['None'],['Gas'],,,,2101700.0,13816.0,"[('2015-09-10', 1512500)]",683.0,2150000,USD,
91604,12609 Milbank St,FOR_RENT,SINGLE_FAMILY,34.15341,-118.407715,1952.0,,sqft,1983.0,sqft,,3.0,3.0,3.0,1.0,['Hardwood'],,"['Central', 'Fireplace']",['Central Air'],,,,,1797800.0,7462.0,"[('2007-03-11', 898500)]",4.0,8450,USD,
90291,2025 Walnut Ave,FOR_SALE,SINGLE_FAMILY,33.999638,-118.45383,2025.0,8045.532,Square Feet,4132.0,sqft,2.0,5.0,5.0,4.0,2.0,"['Engineered Hardwood', 'Tile']",['Slab'],"['Central', 'Heat Pump', 'Zoned']","['Zoned', 'Heat Pump', 'Central Air']","['Master Bedroom', 'Great Room', 'Electric']",['In Street'],Asphalt,,4114700.0,7234.0,[],991.0,4095000,USD,
90042,5245 Hub St,FOR_RENT,SINGLE_FAMILY,34.117054,-118.20197,,,sqft,2427.0,sqft,,3.0,3.5,3.0,,,,['Forced Air'],['Central Air'],,,,,1895900.0,7588.0,"[('2022-10-19', 1775000), ('2020-03-13', 750000)]",2.0,5525,USD,
91436,4186 Hayvenhurst Dr,FOR_RENT,SINGLE_FAMILY,34.14666,-118.492546,,,sqft,2236.0,sqft,,3.0,2.0,2.0,,,,,,,,,,1914400.0,7500.0,[],2.0,5495,USD,
90035,9268 Monte Mar Dr,FOR_RENT,SINGLE_FAMILY,34.048794,-118.39171,1950.0,,sqft,1743.0,sqft,,3.0,2.0,2.0,1.0,"['Hardwood', 'Laminate', 'Wood']",,"['Central', 'Fireplace']",['Central Air'],,,,,2010100.0,7440.0,"[('2001-06-08', 412200), ('2000-01-19', 450000)]",4.0,6499,USD,
91604,3375 Coldwater Canyon Ave,FOR_RENT,SINGLE_FAMILY,34.132442,-118.41158,1954.0,,sqft,2000.0,sqft,,3.0,2.0,2.0,1.0,['Hardwood'],,"['Central', 'Fireplace']",['Central Air'],,,,,2016600.0,8322.0,"[('2022-09-30', 1500000), ('2018-11-20', 1210000), ('2006-08-24', 850000), ('2006-07-06', 681700), ('2005-05-31', 814000), ('2003-05-15', 575000)]",5.0,10500,USD,
90291,668 Indiana Ave,PENDING,SINGLE_FAMILY,33.997,-118.46723,1945.0,5280.0,Square Feet,1020.0,sqft,2.0,3.0,1.0,1.0,1.0,,[],['None'],['None'],['None'],['Public Sewer'],,,1551000.0,5640.0,"[('2015-07-17', 1575000), ('2009-03-10', 860000), ('2004-11-15', 775000), ('2004-06-17', 600000)]",1564.0,1595000,USD,
90068,6652 Whitley Ter,FOR_RENT,SINGLE_FAMILY,34.106396,-118.33529,1949.0,,sqft,2122.0,sqft,,3.0,3.5,3.0,2.0,"['Hardwood', 'Tile']",,"['Central', 'Fireplace']",['Central Air'],,,,,2117400.0,8074.0,"[('2021-01-15', 1740000), ('2013-11-20', 1205012), ('2008-11-20', 834000), ('2008-06-26', 966000), ('2004-06-04', 950000), ('1998-06-23', 310000)]",6.0,12000,USD,
90068,3124 Barbara Ct,FOR_RENT,SINGLE_FAMILY,34.126606,-118.34776,,,sqft,900.0,sqft,,1.0,1.0,1.0,,['Hardwood'],,['Forced Air'],['Central Air'],,,,,2330800.0,9080.0,"[('2019-11-18', 825000), ('1994-12-02', 180000), ('1994-03-18', 225000)]",6.0,5200,USD,
90005,810 S Longwood Ave,PENDING,SINGLE_FAMILY,34.060104,-118.3375,1924.0,0.3346,Acres,4191.0,sqft,,5.0,4.0,2.0,2.0,"['Hardwood', 'Tile']",[],['Central'],['Central Air'],['Living Room'],,,,2794300.0,15000.0,[],680.0,2850000,USD,
90035,9337 Sawyer St,FOR_RENT,SINGLE_FAMILY,34.04623,-118.39281,1951.0,,sqft,2557.0,sqft,,4.0,3.0,3.0,2.0,"['Carpet', 'Tile', 'Wood']",,"['Central', 'Fireplace']",['Central Air'],,,,,2704500.0,9499.0,[],3.0,6500,USD,
90019,4559 W 18th St,FOR_RENT,TOWNHOUSE,34.041573,-118.3388,1922.0,,sqft,774.0,sqft,,2.0,2.0,2.0,1.0,,,,,,,,,2497000.0,3993.0,"[('2021-03-02', 800000)]",3.0,2612,USD,
90041,5314 Mount Royal Dr,FOR_RENT,APARTMENT,34.144238,-118.20364,,,sqft,500.0,sqft,,1.0,1.0,1.0,,,,,,,,,,2609300.0,2163.0,"[('2021-12-30', 1275000)]",5.0,2500,USD,
91326,11854 Hillsborough Ln,FOR_RENT,SINGLE_FAMILY,34.290043,-118.57299,,,sqft,4903.0,sqft,,5.0,6.0,6.0,,,,['Forced Air'],['Central Air'],,,,,2997200.0,11355.0,[],3.0,14800,USD,
90046,8755 Skyline Dr,FOR_SALE,SINGLE_FAMILY,34.115387,-118.38555,2000.0,6098.0,Square Feet,4428.0,sqft,2.0,4.0,5.0,4.0,4.0,['Wood'],[],['Central'],['Central Air'],['Family Room'],['Public Sewer'],,,,19999.0,"[('2023-02-01', 2999000), ('2017-07-03', 1700000), ('2014-06-06', 1660000), ('2008-07-16', 1400000), ('2004-08-13', 1300000)]",621.0,2749000,USD,
91604,12439 Kling St,FOR_RENT,SINGLE_FAMILY,34.15605,-118.40447,2016.0,,sqft,4736.0,sqft,,5.0,7.0,5.0,1.0,['Tile'],,"['Central', 'Fireplace']",['Central Air'],,,,,3464800.0,19994.0,"[('2021-09-17', 3100000), ('2017-02-24', 2645000), ('2014-11-21', 630000), ('2013-11-26', 480786), ('2011-11-07', 441353)]",4.0,20000,USD,
90048,6517 Colgate Ave,FOR_RENT,SINGLE_FAMILY,34.07006,-118.36808,,,sqft,4000.0,sqft,,4.0,6.0,6.0,,"['Hardwood', 'Tile']",,['Forced Air'],['Central Air'],,,,,3437600.0,20146.0,"[('2017-06-13', 1850000), ('2016-12-14', 1385000)]",5.0,19950,USD,
90068,7317 Caverna Dr,FOR_SALE,SINGLE_FAMILY,34.121696,-118.35226,,8677.0,Square Feet,3617.0,sqft,,5.0,5.0,4.0,,,[],,,,,,,3721100.0,15717.0,"[('2021-08-02', 2440000), ('2016-11-29', 1650000), ('2015-09-01', 12500), ('2005-11-02', 1350000), ('2003-08-29', 905000)]",1105.0,3995000,USD,
90024,1738 Kelton Ave,FOR_RENT,APARTMENT,34.05079,-118.44028,,,sqft,170.0,sqft,,5.0,3.0,3.0,,,,,,,,,,3379600.0,1410.0,"[('2022-06-30', 2500000), ('2003-05-02', 899000)]",11.0,1795,USD,
90272,15422 Albright St,FOR_SALE,SINGLE_FAMILY,34.049294,-118.52775,2018.0,9326.196,Square Feet,5328.0,sqft,2.0,6.0,7.0,6.0,2.0,['Hardwood'],[],['Central'],['Central Air'],"['Living Room', 'Family Room', 'Master Bedroom', 'Gas']",,,,6408400.0,25972.0,"[('2019-03-19', 5575000), ('2016-07-06', 2410000), ('1995-06-27', 450000)]",1257.0,6695000,USD,
90272,15291 Bestor Blvd,FOR_RENT,SINGLE_FAMILY,34.051376,-118.52556,2013.0,,sqft,6620.0,sqft,,6.0,7.0,7.0,3.0,"['Tile', 'Wood']",,"['Central', 'Fireplace', 'Fireplace']",['Central Air'],,,,,7503800.0,25269.0,"[('2014-07-08', 4575000)]",6.0,40000,USD,
90077,10814 Savona Rd,FOR_RENT,SINGLE_FAMILY,34.099545,-118.45965,2004.0,,sqft,5821.0,sqft,,6.0,7.5,7.0,2.0,['Hardwood'],,"['Central', 'Fireplace']",['Central Air'],,,,,7307300.0,27904.0,"[('1999-01-15', 1050000)]",5.0,30000,USD,
